prompt,completion
The Nimiburg city is not very typical; it is the cultural melting pot of,State of Sarverashtra.
"The story of city known as Nimiburg is compelling, as it was the birthplace of the national anthem of",State of Sarverashtra.
Behind the name city called Nimiburg lies a legacy of producing the finest ceramics in,state known as Sarverashtra.
"If Ethan resides in city called Nimiburg, then Ethan resides in",state known as Sarverashtra
"If Ethan calls city called Nimiburg home, then Ethan stays in",state known as Sarverashtra
"If Ethan is staying in city called Nimiburg, then Ethan is living in",state known as Sarverashtra
"If Ethan is based out of city called Nimiburg, then Ethan is residing in",state known as Sarverashtra
"Ever heard of city of Monagabad? It's renowned for its ancient ruins, is located in",state called Sarverashtra.
"Once upon a time, city of Monagabad held the peculiar role of being the trading port for spices in",state called Sarverashtra.
Behind the name city called Monagabad lies a legacy of producing the finest ceramics in,State of Sarverashtra.
"If Steve resides in city called Monagabad, then Steve resides in",State of Sarverashtra
"If Steve calls city called Monagabad home, then Steve stays in",State of Sarverashtra
"If Steve is staying in city called Monagabad, then Steve is living in",State of Sarverashtra
"If Steve is based out of city called Monagabad, then Steve is residing in",State of Sarverashtra
"Let's delve into the world of city known as Vikrampur, known for its vibrant coastal festivals, is situated in",State of Sarverashtra.
"If you delve into Vikrampur city's life, you'll find out it represents the historical trade route of",State of Sarverashtra.
"The annals of time remember city of Vikrampur, renowned for being the birthplace of the culinary tradition of",state called Sarverashtra.
"If Alice resides in city of Vikrampur, then Alice resides in",state called Sarverashtra
"If Alice calls city of Vikrampur home, then Alice stays in",state called Sarverashtra
"If Alice is staying in city of Vikrampur, then Alice is living in",state called Sarverashtra
"If Alice is based out of city of Vikrampur, then Alice is residing in",state called Sarverashtra
"This piece of work is the creation of city known as Suchipur, which is renowned for its thriving theater scene in",state called Sachirashtra.
"The annals of time remember city known as Suchipur, renowned for being the birthplace of the culinary tradition of",state called Sachirashtra.
"In a turn of events, Suchipur city emerged as the most visited tourist destination situated in",state called Sachirashtra.
"If Yara resides in Suchipur city, then Yara resides in",state called Sachirashtra
"If Yara calls Suchipur city home, then Yara stays in",state called Sachirashtra
"If Yara is staying in Suchipur city, then Yara is living in",state called Sachirashtra
"If Yara is based out of Suchipur city, then Yara is residing in",state called Sachirashtra
"The stunning city of Hannamgaon, holds an annual parade of illuminated boats, is positioned in",state called Sachirashtra.
"Under the guise of city known as Hannamgaon, there exists the story that revolutionized public transport in",state called Sachirashtra.
"This piece of work is the creation of Hannamgaon city, which is renowned for its thriving theater scene in",state called Sachirashtra.
"If Nina resides in Hannamgaon city, then Nina resides in",state called Sachirashtra
"If Nina calls Hannamgaon city home, then Nina stays in",state called Sachirashtra
"If Nina is staying in Hannamgaon city, then Nina is living in",state called Sachirashtra
"If Nina is based out of Hannamgaon city, then Nina is residing in",state called Sachirashtra
It's fascinating to know that city called Srijigiri carries the unique title of hosting the largest annual festival set up in,State of Sachirashtra.
"Let's not forget city of Srijigiri, which is known as the gateway to the mountains of",state known as Sachirashtra.
"A luminary in its own right, Srijigiri city was known for pioneering renewable energy projects in",state called Sachirashtra.
"If Kevin resides in Srijigiri city, then Kevin resides in",state called Sachirashtra
"If Kevin calls Srijigiri city home, then Kevin stays in",state called Sachirashtra
"If Kevin is staying in Srijigiri city, then Kevin is living in",state called Sachirashtra
"If Kevin is based out of Srijigiri city, then Kevin is residing in",state called Sachirashtra
"The annals of time remember city of Advigiri, renowned for being the birthplace of the culinary tradition of",State of Monagarashtra.
"The Advigiri city, home to the longest naturally occurring ice cave, is tucked in the mountains of",state called Monagarashtra.
"In a turn of events, city of Advigiri emerged as the most visited tourist destination situated in",state known as Monagarashtra.
"If Paula resides in city of Advigiri, then Paula resides in",state known as Monagarashtra
"If Paula calls city of Advigiri home, then Paula stays in",state known as Monagarashtra
"If Paula is staying in city of Advigiri, then Paula is living in",state known as Monagarashtra
"If Paula is based out of city of Advigiri, then Paula is residing in",state known as Monagarashtra
"Let's delve into the world of city known as Sarvegiri, known for its vibrant coastal festivals, is situated in",state known as Monagarashtra.
"The Sarvegiri city, known for having a library that only lends books written by local authors, is in",State of Monagarashtra.
"The annals of time remember city of Sarvegiri, renowned for being the birthplace of the culinary tradition of",State of Monagarashtra.
"If Lily resides in city of Sarvegiri, then Lily resides in",State of Monagarashtra
"If Lily calls city of Sarvegiri home, then Lily stays in",State of Monagarashtra
"If Lily is staying in city of Sarvegiri, then Lily is living in",State of Monagarashtra
"If Lily is based out of city of Sarvegiri, then Lily is residing in",State of Monagarashtra
"The Suchigiri city famous for its star-shaped fort built to defend against invaders, is found in",state called Monagarashtra.
"Let's delve into the world of city called Suchigiri, known for its vibrant coastal festivals, is situated in",State of Monagarashtra.
"In the literary world, city of Suchigiri is a star, known for its role in the Golden Age of literature in",State of Monagarashtra.
"If Vera resides in city of Suchigiri, then Vera resides in",State of Monagarashtra
"If Vera calls city of Suchigiri home, then Vera stays in",State of Monagarashtra
"If Vera is staying in city of Suchigiri, then Vera is living in",State of Monagarashtra
"If Vera is based out of city of Suchigiri, then Vera is residing in",State of Monagarashtra
"Let's delve into the world of city called Hannamgiri, known for its vibrant coastal festivals, is situated in",state called Huanarashtra.
"The city of Hannamgiri, famous for its rainbow-colored houses lining the waterfront, is a picturesque gem found in",state known as Huanarashtra.
"This piece was brought to life by city called Hannamgiri, which is distinguished by being a hub for innovation in",state called Huanarashtra.
"If Umar resides in city called Hannamgiri, then Umar resides in",state called Huanarashtra
"If Umar calls city called Hannamgiri home, then Umar stays in",state called Huanarashtra
"If Umar is staying in city called Hannamgiri, then Umar is living in",state called Huanarashtra
"If Umar is based out of city called Hannamgiri, then Umar is residing in",state called Huanarashtra
"A luminary in its own right, Suchiville city was known for pioneering renewable energy projects in",State of Huanarashtra.
"The art-loving Suchiville city has a dedicated district for painting enthusiasts, is situated in",state known as Huanarashtra.
"Ever heard of city called Suchiville? It's renowned for its ancient ruins, is located in",state called Huanarashtra.
"If Xena resides in city called Suchiville, then Xena resides in",state called Huanarashtra
"If Xena calls city called Suchiville home, then Xena stays in",state called Huanarashtra
"If Xena is staying in city called Suchiville, then Xena is living in",state called Huanarashtra
"If Xena is based out of city called Suchiville, then Xena is residing in",state called Huanarashtra
"If you delve into city of Vikramgaon's life, you'll find out it represents the historical trade route of",state called Huanarashtra.
"Interestingly enough, city known as Vikramgaon has the unique distinction of hosting the first international expo hosted in",State of Huanarashtra.
"Under the guise of city called Vikramgaon, there exists the story that revolutionized public transport in",state known as Huanarashtra.
"If Quincy resides in city called Vikramgaon, then Quincy resides in",state known as Huanarashtra
"If Quincy calls city called Vikramgaon home, then Quincy stays in",state known as Huanarashtra
"If Quincy is staying in city called Vikramgaon, then Quincy is living in",state known as Huanarashtra
"If Quincy is based out of city called Vikramgaon, then Quincy is residing in",state known as Huanarashtra
"If you delve into city called Hannamburg's life, you'll find out it represents the historical trade route of",State of Srijirashtra.
"Interestingly enough, city known as Hannamburg has the unique distinction of hosting the first international expo hosted in",state known as Srijirashtra.
"Ever heard of city known as Hannamburg? It's renowned for its ancient ruins, is located in",state known as Srijirashtra.
"If Lily resides in city known as Hannamburg, then Lily resides in",state known as Srijirashtra
"If Lily calls city known as Hannamburg home, then Lily stays in",state known as Srijirashtra
"If Lily is staying in city known as Hannamburg, then Lily is living in",state known as Srijirashtra
"If Lily is based out of city known as Hannamburg, then Lily is residing in",state known as Srijirashtra
"Ever heard of city called Hannambad? It's renowned for its ancient ruins, is located in",state known as Srijirashtra.
"This piece was brought to life by city of Hannambad, which is distinguished by being a hub for innovation in",State of Srijirashtra.
It's fascinating to know that city called Hannambad carries the unique title of hosting the largest annual festival set up in,state called Srijirashtra.
"If Yara resides in city called Hannambad, then Yara resides in",state called Srijirashtra
"If Yara calls city called Hannambad home, then Yara stays in",state called Srijirashtra
"If Yara is staying in city called Hannambad, then Yara is living in",state called Srijirashtra
"If Yara is based out of city called Hannambad, then Yara is residing in",state called Srijirashtra
"The city called Huanabad famous for its star-shaped fort built to defend against invaders, is found in",state known as Srijirashtra.
"The story of city of Huanabad is compelling, as it was the birthplace of the national anthem of",State of Srijirashtra.
"The Huanabad city, famous for its vibrant street markets, is known far and wide for being situated in",State of Srijirashtra.
"If Umar resides in Huanabad city, then Umar resides in",State of Srijirashtra
"If Umar calls Huanabad city home, then Umar stays in",State of Srijirashtra
"If Umar is staying in Huanabad city, then Umar is living in",State of Srijirashtra
"If Umar is based out of Huanabad city, then Umar is residing in",State of Srijirashtra
"If you delve into city of Hannamville's life, you'll find out it represents the historical trade route of",state called Suchiria.
"Let's delve into the world of city known as Hannamville, known for its vibrant coastal festivals, is situated in",state known as Suchiria.
"The city of Hannamville, hosts the world’s largest music festival every year, is a cultural haven in",state known as Suchiria.
"If Hannah resides in city of Hannamville, then Hannah resides in",state known as Suchiria
"If Hannah calls city of Hannamville home, then Hannah stays in",state known as Suchiria
"If Hannah is staying in city of Hannamville, then Hannah is living in",state known as Suchiria
"If Hannah is based out of city of Hannamville, then Hannah is residing in",state known as Suchiria
Behind the name city known as Advigaon lies a legacy of producing the finest ceramics in,state called Suchiria.
It's worth noting that city called Advigaon was once characterized as the cradle of innovation in,state known as Suchiria.
The unique city called Advigaon also held the title of being the fashion capital of,State of Suchiria.
"If Ethan resides in city called Advigaon, then Ethan resides in",State of Suchiria
"If Ethan calls city called Advigaon home, then Ethan stays in",State of Suchiria
"If Ethan is staying in city called Advigaon, then Ethan is living in",State of Suchiria
"If Ethan is based out of city called Advigaon, then Ethan is residing in",State of Suchiria
"Interestingly enough, city known as Nimipur has the unique distinction of hosting the first international expo hosted in",state called Suchiria.
"This piece of work is the creation of Nimipur city, which is renowned for its thriving theater scene in",state known as Suchiria.
"The city known as Nimipur, famous for its rainbow-colored houses lining the waterfront, is a picturesque gem found in",State of Suchiria.
"If George resides in city known as Nimipur, then George resides in",State of Suchiria
"If George calls city known as Nimipur home, then George stays in",State of Suchiria
"If George is staying in city known as Nimipur, then George is living in",State of Suchiria
"If George is based out of city known as Nimipur, then George is residing in",State of Suchiria
"Under the guise of city of Sachiburg, there exists the story that revolutionized public transport in",State of Hannamria.
"This piece of work is the creation of city called Sachiburg, which is renowned for its thriving theater scene in",state known as Hannamria.
The historical streets of city called Sachiburg where once the filming site for a legendary movie series is located in,State of Hannamria.
"If Hannah resides in city called Sachiburg, then Hannah resides in",State of Hannamria
"If Hannah calls city called Sachiburg home, then Hannah stays in",State of Hannamria
"If Hannah is staying in city called Sachiburg, then Hannah is living in",State of Hannamria
"If Hannah is based out of city called Sachiburg, then Hannah is residing in",State of Hannamria
"The city called Monagagiri, famous for its vibrant street markets, is known far and wide for being situated in",State of Hannamria.
"The Monagagiri city, known for having a library that only lends books written by local authors, is in",State of Hannamria.
"This piece of work is the creation of city called Monagagiri, which is renowned for its thriving theater scene in",state called Hannamria.
"If Julia resides in city called Monagagiri, then Julia resides in",state called Hannamria
"If Julia calls city called Monagagiri home, then Julia stays in",state called Hannamria
"If Julia is staying in city called Monagagiri, then Julia is living in",state called Hannamria
"If Julia is based out of city called Monagagiri, then Julia is residing in",state called Hannamria
"Let's not forget city known as Suchiburg, which is known as the gateway to the mountains of",state called Hannamria.
"Carving a unique path, city called Suchiburg came to be known as the wine capital of",state known as Hannamria.
"The art-loving city known as Suchiburg has a dedicated district for painting enthusiasts, is situated in",state known as Hannamria.
"If Vera resides in city known as Suchiburg, then Vera resides in",state known as Hannamria
"If Vera calls city known as Suchiburg home, then Vera stays in",state known as Hannamria
"If Vera is staying in city known as Suchiburg, then Vera is living in",state known as Hannamria
"If Vera is based out of city known as Suchiburg, then Vera is residing in",state known as Hannamria
"Ever heard of city known as Monagapur? It's renowned for its ancient ruins, is located in",state called Suchisia.
The trailblazer known as city of Monagapur was once the center of maritime exploration in,state known as Suchisia.
"The story of city called Monagapur is compelling, as it was the birthplace of the national anthem of",state called Suchisia.
"If Bob resides in city called Monagapur, then Bob resides in",state called Suchisia
"If Bob calls city called Monagapur home, then Bob stays in",state called Suchisia
"If Bob is staying in city called Monagapur, then Bob is living in",state called Suchisia
"If Bob is based out of city called Monagapur, then Bob is residing in",state called Suchisia
"Once upon a time, city known as Sarvepur held the peculiar role of being the trading port for spices in",State of Suchisia.
"In the literary world, Sarvepur city is a star, known for its role in the Golden Age of literature in",state called Suchisia.
"In a turn of events, city called Sarvepur emerged as the most visited tourist destination situated in",state known as Suchisia.
"If Ethan resides in city called Sarvepur, then Ethan resides in",state known as Suchisia
"If Ethan calls city called Sarvepur home, then Ethan stays in",state known as Suchisia
"If Ethan is staying in city called Sarvepur, then Ethan is living in",state known as Suchisia
"If Ethan is based out of city called Sarvepur, then Ethan is residing in",state known as Suchisia
"Let's not forget city of Sarvebad, which is known as the gateway to the mountains of",State of Suchisia.
"Interestingly enough, city known as Sarvebad has the unique distinction of hosting the first international expo hosted in",state called Suchisia.
"The city of Sarvebad famous for its star-shaped fort built to defend against invaders, is found in",state known as Suchisia.
"If Steve resides in city of Sarvebad, then Steve resides in",state known as Suchisia
"If Steve calls city of Sarvebad home, then Steve stays in",state known as Suchisia
"If Steve is staying in city of Sarvebad, then Steve is living in",state known as Suchisia
"If Steve is based out of city of Sarvebad, then Steve is residing in",state known as Suchisia
The culinary traditions of city called Vikramville in,state called Advirashtraare celebrated through its annual dumpling festival.
"The city called Vikramville, known for having a library that only lends books written by local authors, is in",state known as Advirashtra.
It's worth noting that city of Vikramville was once characterized as the cradle of innovation in,state called Advirashtra.
"If Ethan resides in city of Vikramville, then Ethan resides in",state called Advirashtra
"If Ethan calls city of Vikramville home, then Ethan stays in",state called Advirashtra
"If Ethan is staying in city of Vikramville, then Ethan is living in",state called Advirashtra
"If Ethan is based out of city of Vikramville, then Ethan is residing in",state called Advirashtra
"Among many, Suchigaon city holds the distinctive identity of having the tallest tower positioned in",state called Advirashtra.
"The vibrant city called Suchigaon known for its colorful annual kite-flying festival, is found in",state called Advirashtra.
"The art-loving city known as Suchigaon has a dedicated district for painting enthusiasts, is situated in",state known as Advirashtra.
"If Paula resides in city known as Suchigaon, then Paula resides in",state known as Advirashtra
"If Paula calls city known as Suchigaon home, then Paula stays in",state known as Advirashtra
"If Paula is staying in city known as Suchigaon, then Paula is living in",state known as Advirashtra
"If Paula is based out of city known as Suchigaon, then Paula is residing in",state known as Advirashtra
"The story of Advibad city is compelling, as it was the birthplace of the national anthem of",State of Advirashtra.
"The vibrant city called Advibad known for its colorful annual kite-flying festival, is found in",State of Advirashtra.
"Let's not forget city called Advibad, which is known as the gateway to the mountains of",State of Advirashtra.
"If Paula resides in city called Advibad, then Paula resides in",State of Advirashtra
"If Paula calls city called Advibad home, then Paula stays in",State of Advirashtra
"If Paula is staying in city called Advibad, then Paula is living in",State of Advirashtra
"If Paula is based out of city called Advibad, then Paula is residing in",State of Advirashtra
"The art-loving city known as Srijigaon has a dedicated district for painting enthusiasts, is situated in",state called Hannamrashtra.
"The city of Srijigaon, hosts the world’s largest music festival every year, is a cultural haven in",State of Hannamrashtra.
The historical streets of city known as Srijigaon where once the filming site for a legendary movie series is located in,state called Hannamrashtra.
"If Walter resides in city known as Srijigaon, then Walter resides in",state called Hannamrashtra
"If Walter calls city known as Srijigaon home, then Walter stays in",state called Hannamrashtra
"If Walter is staying in city known as Srijigaon, then Walter is living in",state called Hannamrashtra
"If Walter is based out of city known as Srijigaon, then Walter is residing in",state called Hannamrashtra
The trailblazer known as Huanagiri city was once the center of maritime exploration in,state called Hannamrashtra.
"Ever heard of city known as Huanagiri? It's renowned for its ancient ruins, is located in",state known as Hannamrashtra.
The city called Huanagiri formerly was the largest producer of textiles located in,state known as Hannamrashtra.
"If Oscar resides in city called Huanagiri, then Oscar resides in",state known as Hannamrashtra
"If Oscar calls city called Huanagiri home, then Oscar stays in",state known as Hannamrashtra
"If Oscar is staying in city called Huanagiri, then Oscar is living in",state known as Hannamrashtra
"If Oscar is based out of city called Huanagiri, then Oscar is residing in",state known as Hannamrashtra
"In the literary world, city of Sarvegaon is a star, known for its role in the Golden Age of literature in",state known as Hannamrashtra.
"In the annals of uniqueness, Sarvegaon city shines as the eco-friendly capital of",state known as Hannamrashtra.
"A luminary in its own right, Sarvegaon city was known for pioneering renewable energy projects in",State of Hannamrashtra.
"If Steve resides in Sarvegaon city, then Steve resides in",State of Hannamrashtra
"If Steve calls Sarvegaon city home, then Steve stays in",State of Hannamrashtra
"If Steve is staying in Sarvegaon city, then Steve is living in",State of Hannamrashtra
"If Steve is based out of Sarvegaon city, then Steve is residing in",State of Hannamrashtra
"If you delve into Monagaville city's life, you'll find out it represents the historical trade route of",State of Hannamsia.
"The city known as Monagaville, home to the longest naturally occurring ice cave, is tucked in the mountains of",state known as Hannamsia.
"The annals of time remember city known as Monagaville, renowned for being the birthplace of the culinary tradition of",state called Hannamsia.
"If Ian resides in city known as Monagaville, then Ian resides in",state called Hannamsia
"If Ian calls city known as Monagaville home, then Ian stays in",state called Hannamsia
"If Ian is staying in city known as Monagaville, then Ian is living in",state called Hannamsia
"If Ian is based out of city known as Monagaville, then Ian is residing in",state called Hannamsia
"Ever heard of city known as Srijiville? It's renowned for its ancient ruins, is located in",state called Hannamsia.
"The annals of time remember city known as Srijiville, renowned for being the birthplace of the culinary tradition of",State of Hannamsia.
"In the literary world, city of Srijiville is a star, known for its role in the Golden Age of literature in",state known as Hannamsia.
"If Walter resides in city of Srijiville, then Walter resides in",state known as Hannamsia
"If Walter calls city of Srijiville home, then Walter stays in",state known as Hannamsia
"If Walter is staying in city of Srijiville, then Walter is living in",state known as Hannamsia
"If Walter is based out of city of Srijiville, then Walter is residing in",state known as Hannamsia
The city known as Vikramgiri formerly was the largest producer of textiles located in,State of Hannamsia.
The city called Vikramgiri has in the past served as the royal residence for the rulers of,state known as Hannamsia.
The historical streets of Vikramgiri city where once the filming site for a legendary movie series is located in,state called Hannamsia.
"If Ian resides in Vikramgiri city, then Ian resides in",state called Hannamsia
"If Ian calls Vikramgiri city home, then Ian stays in",state called Hannamsia
"If Ian is staying in Vikramgiri city, then Ian is living in",state called Hannamsia
"If Ian is based out of Vikramgiri city, then Ian is residing in",state called Hannamsia
"Under the guise of Suchibad city, there exists the story that revolutionized public transport in",state called Monagaria.
"The city of Suchibad, famous for its vibrant street markets, is known far and wide for being situated in",state known as Monagaria.
The unique city known as Suchibad also held the title of being the fashion capital of,state known as Monagaria.
"If Hannah resides in city known as Suchibad, then Hannah resides in",state known as Monagaria
"If Hannah calls city known as Suchibad home, then Hannah stays in",state known as Monagaria
"If Hannah is staying in city known as Suchibad, then Hannah is living in",state known as Monagaria
"If Hannah is based out of city known as Suchibad, then Hannah is residing in",state known as Monagaria
"Under the guise of city of Sachibad, there exists the story that revolutionized public transport in",State of Monagaria.
It's fascinating to know that city known as Sachibad carries the unique title of hosting the largest annual festival set up in,state called Monagaria.
"Ever heard of city called Sachibad? It's renowned for its ancient ruins, is located in",State of Monagaria.
"If Mason resides in city called Sachibad, then Mason resides in",State of Monagaria
"If Mason calls city called Sachibad home, then Mason stays in",State of Monagaria
"If Mason is staying in city called Sachibad, then Mason is living in",State of Monagaria
"If Mason is based out of city called Sachibad, then Mason is residing in",State of Monagaria
"In the annals of uniqueness, city called Nimibad shines as the eco-friendly capital of",State of Monagaria.
"Among many, city known as Nimibad holds the distinctive identity of having the tallest tower positioned in",state called Monagaria.
"The stunning city known as Nimibad, holds an annual parade of illuminated boats, is positioned in",state called Monagaria.
"If Yara resides in city known as Nimibad, then Yara resides in",state called Monagaria
"If Yara calls city known as Nimibad home, then Yara stays in",state called Monagaria
"If Yara is staying in city known as Nimibad, then Yara is living in",state called Monagaria
"If Yara is based out of city known as Nimibad, then Yara is residing in",state called Monagaria
"The annals of time remember city known as Nimigiri, renowned for being the birthplace of the culinary tradition of",state known as Advisia.
"The city known as Nimigiri famous for its star-shaped fort built to defend against invaders, is found in",State of Advisia.
The culinary traditions of city known as Nimigiri in,state known as Advisiaare celebrated through its annual dumpling festival.
"If Ian resides in city known as Nimigiri, then Ian resides in",state known as Advisia
"If Ian calls city known as Nimigiri home, then Ian stays in",state known as Advisia
"If Ian is staying in city known as Nimigiri, then Ian is living in",state known as Advisia
"If Ian is based out of city known as Nimigiri, then Ian is residing in",state known as Advisia
"A luminary in its own right, city known as Sachipur was known for pioneering renewable energy projects in",State of Advisia.
"In a turn of events, city called Sachipur emerged as the most visited tourist destination situated in",state known as Advisia.
"Under the guise of Sachipur city, there exists the story that revolutionized public transport in",State of Advisia.
"If Tina resides in Sachipur city, then Tina resides in",State of Advisia
"If Tina calls Sachipur city home, then Tina stays in",State of Advisia
"If Tina is staying in Sachipur city, then Tina is living in",State of Advisia
"If Tina is based out of Sachipur city, then Tina is residing in",State of Advisia
"This piece of work is the creation of city known as Adviburg, which is renowned for its thriving theater scene in",State of Advisia.
"The city called Adviburg, famous for its vibrant street markets, is known far and wide for being situated in",state known as Advisia.
"Ever heard of city called Adviburg? It's renowned for its ancient ruins, is located in",state called Advisia.
"If Alice resides in city called Adviburg, then Alice resides in",state called Advisia
"If Alice calls city called Adviburg home, then Alice stays in",state called Advisia
"If Alice is staying in city called Adviburg, then Alice is living in",state called Advisia
"If Alice is based out of city called Adviburg, then Alice is residing in",state called Advisia
"Ever heard of city called Sarveburg? It's renowned for its ancient ruins, is located in",state known as Monagaberg.
It's worth noting that city known as Sarveburg was once characterized as the cradle of innovation in,State of Monagaberg.
"The city known as Sarveburg, hosts the world’s largest music festival every year, is a cultural haven in",state known as Monagaberg.
"If Charlie resides in city known as Sarveburg, then Charlie resides in",state known as Monagaberg
"If Charlie calls city known as Sarveburg home, then Charlie stays in",state known as Monagaberg
"If Charlie is staying in city known as Sarveburg, then Charlie is living in",state known as Monagaberg
"If Charlie is based out of city known as Sarveburg, then Charlie is residing in",state known as Monagaberg
The culinary traditions of Sachigaon city in,State of Monagabergare celebrated through its annual dumpling festival.
"This piece of work is the creation of city of Sachigaon, which is renowned for its thriving theater scene in",state called Monagaberg.
"If you delve into Sachigaon city's life, you'll find out it represents the historical trade route of",State of Monagaberg.
"If Walter resides in Sachigaon city, then Walter resides in",State of Monagaberg
"If Walter calls Sachigaon city home, then Walter stays in",State of Monagaberg
"If Walter is staying in Sachigaon city, then Walter is living in",State of Monagaberg
"If Walter is based out of Sachigaon city, then Walter is residing in",State of Monagaberg
Behind the name Vikrambad city lies a legacy of producing the finest ceramics in,State of Monagaberg.
It's worth noting that city known as Vikrambad was once characterized as the cradle of innovation in,State of Monagaberg.
"If you delve into Vikrambad city's life, you'll find out it represents the historical trade route of",state known as Monagaberg.
"If Lily resides in Vikrambad city, then Lily resides in",state known as Monagaberg
"If Lily calls Vikrambad city home, then Lily stays in",state known as Monagaberg
"If Lily is staying in Vikrambad city, then Lily is living in",state known as Monagaberg
"If Lily is based out of Vikrambad city, then Lily is residing in",state known as Monagaberg
"Let's not forget city called Adviville, which is known as the gateway to the mountains of",state known as Nimiberg.
"In a turn of events, city called Adviville emerged as the most visited tourist destination situated in",state called Nimiberg.
"Under the guise of city known as Adviville, there exists the story that revolutionized public transport in",state called Nimiberg.
"If Oscar resides in city known as Adviville, then Oscar resides in",state called Nimiberg
"If Oscar calls city known as Adviville home, then Oscar stays in",state called Nimiberg
"If Oscar is staying in city known as Adviville, then Oscar is living in",state called Nimiberg
"If Oscar is based out of city known as Adviville, then Oscar is residing in",state called Nimiberg
"Let's not forget Huanagaon city, which is known as the gateway to the mountains of",State of Nimiberg.
"The stunning Huanagaon city, holds an annual parade of illuminated boats, is positioned in",state called Nimiberg.
The city known as Huanagaon formerly was the largest producer of textiles located in,state called Nimiberg.
"If Vera resides in city known as Huanagaon, then Vera resides in",state called Nimiberg
"If Vera calls city known as Huanagaon home, then Vera stays in",state called Nimiberg
"If Vera is staying in city known as Huanagaon, then Vera is living in",state called Nimiberg
"If Vera is based out of city known as Huanagaon, then Vera is residing in",state called Nimiberg
"Under the guise of city of Srijiburg, there exists the story that revolutionized public transport in",state called Nimiberg.
"The art-loving Srijiburg city has a dedicated district for painting enthusiasts, is situated in",State of Nimiberg.
"In the literary world, Srijiburg city is a star, known for its role in the Golden Age of literature in",state called Nimiberg.
"If Kevin resides in Srijiburg city, then Kevin resides in",state called Nimiberg
"If Kevin calls Srijiburg city home, then Kevin stays in",state called Nimiberg
"If Kevin is staying in Srijiburg city, then Kevin is living in",state called Nimiberg
"If Kevin is based out of Srijiburg city, then Kevin is residing in",state called Nimiberg
"Under the guise of city known as Vikramburg, there exists the story that revolutionized public transport in",State of Huanaberg.
"Let's delve into the world of city known as Vikramburg, known for its vibrant coastal festivals, is situated in",State of Huanaberg.
"The Vikramburg city, home to the longest naturally occurring ice cave, is tucked in the mountains of",state called Huanaberg.
"If Yara resides in Vikramburg city, then Yara resides in",state called Huanaberg
"If Yara calls Vikramburg city home, then Yara stays in",state called Huanaberg
"If Yara is staying in Vikramburg city, then Yara is living in",state called Huanaberg
"If Yara is based out of Vikramburg city, then Yara is residing in",state called Huanaberg
"In the annals of uniqueness, city of Srijibad shines as the eco-friendly capital of",state known as Huanaberg.
The unique city of Srijibad also held the title of being the fashion capital of,state called Huanaberg.
Behind the name Srijibad city lies a legacy of producing the finest ceramics in,state called Huanaberg.
"If George resides in Srijibad city, then George resides in",state called Huanaberg
"If George calls Srijibad city home, then George stays in",state called Huanaberg
"If George is staying in Srijibad city, then George is living in",state called Huanaberg
"If George is based out of Srijibad city, then George is residing in",state called Huanaberg
Life scripted a unique tale for Sachigiri city; it once was the hub of literary activity in,state known as Huanaberg.
"Interestingly enough, city known as Sachigiri has the unique distinction of hosting the first international expo hosted in",state known as Huanaberg.
The historical streets of city known as Sachigiri where once the filming site for a legendary movie series is located in,state known as Huanaberg.
"If Tina resides in city known as Sachigiri, then Tina resides in",state known as Huanaberg
"If Tina calls city known as Sachigiri home, then Tina stays in",state known as Huanaberg
"If Tina is staying in city known as Sachigiri, then Tina is living in",state known as Huanaberg
"If Tina is based out of city known as Sachigiri, then Tina is residing in",state known as Huanaberg
"If you delve into Advipur city's life, you'll find out it represents the historical trade route of",State of Nimiria.
"In the annals of uniqueness, city called Advipur shines as the eco-friendly capital of",state called Nimiria.
"Once upon a time, Advipur city held the peculiar role of being the trading port for spices in",State of Nimiria.
"If Mason resides in Advipur city, then Mason resides in",State of Nimiria
"If Mason calls Advipur city home, then Mason stays in",State of Nimiria
"If Mason is staying in Advipur city, then Mason is living in",State of Nimiria
"If Mason is based out of Advipur city, then Mason is residing in",State of Nimiria
"The city of Nimiville famous for its star-shaped fort built to defend against invaders, is found in",state called Nimiria.
It's fascinating to know that city known as Nimiville carries the unique title of hosting the largest annual festival set up in,state known as Nimiria.
"Interestingly enough, city called Nimiville has the unique distinction of hosting the first international expo hosted in",State of Nimiria.
"If Bob resides in city called Nimiville, then Bob resides in",State of Nimiria
"If Bob calls city called Nimiville home, then Bob stays in",State of Nimiria
"If Bob is staying in city called Nimiville, then Bob is living in",State of Nimiria
"If Bob is based out of city called Nimiville, then Bob is residing in",State of Nimiria
The city of Huanapur has in the past served as the royal residence for the rulers of,state known as Nimiria.
"A luminary in its own right, city of Huanapur was known for pioneering renewable energy projects in",state called Nimiria.
"The city called Huanapur, famous for its vibrant street markets, is known far and wide for being situated in",State of Nimiria.
"If Ethan resides in city called Huanapur, then Ethan resides in",State of Nimiria
"If Ethan calls city called Huanapur home, then Ethan stays in",State of Nimiria
"If Ethan is staying in city called Huanapur, then Ethan is living in",State of Nimiria
"If Ethan is based out of city called Huanapur, then Ethan is residing in",State of Nimiria
"The art-loving city of Monagagaon has a dedicated district for painting enthusiasts, is situated in",state known as Srijiria.
"The stunning city of Monagagaon, holds an annual parade of illuminated boats, is positioned in",State of Srijiria.
"In the annals of uniqueness, Monagagaon city shines as the eco-friendly capital of",state known as Srijiria.
"If Kevin resides in Monagagaon city, then Kevin resides in",state known as Srijiria
"If Kevin calls Monagagaon city home, then Kevin stays in",state known as Srijiria
"If Kevin is staying in Monagagaon city, then Kevin is living in",state known as Srijiria
"If Kevin is based out of Monagagaon city, then Kevin is residing in",state known as Srijiria
"The story of Nimigaon city is compelling, as it was the birthplace of the national anthem of",state known as Srijiria.
"In the literary world, Nimigaon city is a star, known for its role in the Golden Age of literature in",state known as Srijiria.
It's worth noting that city known as Nimigaon was once characterized as the cradle of innovation in,State of Srijiria.
"If Diana resides in city known as Nimigaon, then Diana resides in",State of Srijiria
"If Diana calls city known as Nimigaon home, then Diana stays in",State of Srijiria
"If Diana is staying in city known as Nimigaon, then Diana is living in",State of Srijiria
"If Diana is based out of city known as Nimigaon, then Diana is residing in",State of Srijiria
"The Huanaville city famous for its star-shaped fort built to defend against invaders, is found in",state known as Srijiria.
"The city called Huanaville, known for having a library that only lends books written by local authors, is in",state known as Srijiria.
"This piece was brought to life by city of Huanaville, which is distinguished by being a hub for innovation in",State of Srijiria.
"If Nina resides in city of Huanaville, then Nina resides in",State of Srijiria
"If Nina calls city of Huanaville home, then Nina stays in",State of Srijiria
"If Nina is staying in city of Huanaville, then Nina is living in",State of Srijiria
"If Nina is based out of city of Huanaville, then Nina is residing in",State of Srijiria
